{
    "counters": {
        "Total Failed Uploads": 9,
        "Total Documents Uploaded": 10,
        "Total Image Files": 2,
        "Total Pages Processed": 48,
        "Total Words Extracted": 9517,
        "Total Paragraphs Identified": 140,
        "Total Semantic Chunks Generated": 49,
        "Total Useful Images Retained": 115,
        "Total Useless Images Filtered": 0,
        "Total Images Extracted": 113,
        "Total Images Classified": 113,
        "Total Image Captions Generated": 0,
        "Total Metadata Records Generated": 49,
        "Total Chunks Stored": 49,
        "Total Images Stored": 109,
        "Total Embeddings Generated": 158,
        "Total Documents Stored": 10,
        "Total Successful Uploads": 10,
        "Total TXT Files": 4,
        "Total PPTX Files": 1,
        "Total DOCX Files": 2,
        "Total PDF Files": 1
    },
    "timers": {
        "Chunking Time": [
            1.5498668999935035,
            1.2605481000009604,
            3.0109664000010525,
            5.400059200001124,
            1.9358950999994704,
            0.4654250999992655,
            0.12102910000248812,
            0.1439868999987084,
            0.07213499999852502,
            0.1348918000003323,
            0.08990750000157277,
            0.17919560000154888,
            0.2016844999998284,
            0.10269410000182688,
            0.06991990000096848,
            0.09993350000149803,
            0.0681747999988147,
            0.09267729999919538,
            5.0223871000052895,
            1.5189466000010725,
            1.057478100003209,
            2.301020499995502,
            1.1606509999983246,
            0.7733223000032012,
            0.635246100006043,
            0.6740178999971249,
            0.6338916999957291,
            0.05042849999881582,
            0.13532059999852208,
            0.29421159999765223,
            0.2020210999980918,
            0.12674549999792362,
            0.15367759999935515,
            0.15228219999698922,
            0.046174000002793036,
            0.14335690000007162,
            0.10586499999772059,
            0.29712470000231406,
            0.2913795999993454,
            0.5631197999973665,
            0.29621380000025965,
            0.46640730000217445,
            0.4206062000012025,
            0.8027997000026517,
            0.3416118000022834,
            0.2216404999999213,
            0.17882300000201212,
            0.12049770000157878
        ],
        "Text Extraction Time": [
            1.5527900999877602,
            1.2630014999995183,
            3.013209500000812,
            5.403288699999393,
            1.9396434000009322,
            1.8579508000002534,
            5.024088500002108,
            1.5224679000020842,
            1.0587587999980315,
            11.608027099995525
        ],
        "Image Filtering Time": [
            2.866278500005137,
            0.00015530000018770806,
            0.0010493999980099034,
            0.0002832000027410686,
            0.0005511000017577317,
            4.179158099999768,
            2.8416938000009395,
            3.3225185999981477,
            2.7324600000029022,
            3.6871568000024126,
            2.411933900002623,
            3.8071129999989353,
            2.273266899999726,
            3.8900167000028887,
            1.1411583999979484,
            0.998748500001966,
            0.8577086000004783,
            1.0787268999993103,
            0.0008390000002691522,
            1.6287139000050956,
            1.1900886000003084,
            0.23435590000008233,
            2.323151399999915,
            2.1009285999971326,
            1.755302000005031,
            2.9883226999954786,
            1.0126569000058225,
            0.13897450000513345,
            0.22645019999617944,
            5.282820000000356,
            0.2621657999989111,
            5.44075729999895,
            0.839006000001973,
            0.2443349000022863,
            1.1239310000019032,
            1.590671799996926,
            4.223294499999611,
            2.3796732000046177,
            1.662760100000014,
            1.1922639999975218,
            2.0947748000035062,
            1.5591819999972358,
            1.4414838999946369,
            0.5976984000008088,
            1.3058888000014122,
            1.84715039999719,
            1.3020522000006167,
            2.4280433999956585,
            1.7643136000042432,
            0.6299432999949204
        ],
        "Image Extraction Time": [
            6.570490899990546,
            2.466087899998456,
            3.602866500001255,
            6.177371100002347,
            3.1497813999994833,
            107.60082600000169,
            6.077415599997039,
            13.303579100000206,
            5.029409399998258,
            231.29504489999817
        ],
        "Caption Generation Time": [
            8.357403000001796,
            0.00069199999961711,
            0.0008576000000175554,
            0.0005134000020916574,
            0.00038869999843882397,
            157.21711119999964,
            0.0005848000000696629,
            42.45817709999392,
            8.540340299994568,
            396.1862200999967
        ],
        "End-to-End Document Processing Time": [
            21.42266089998884,
            12.59095250000064,
            15.350239299998066,
            21.164146700000856,
            19.568905100000848,
            321.4208092999979,
            93.91069900000002,
            63.543592199996056,
            20.1388036999997,
            705.3039065999983
        ]
    }
}