{
    "counters": {
        "Total Failed Uploads": 18,
        "Total Documents Uploaded": 15,
        "Total Image Files": 2,
        "Total Pages Processed": 181,
        "Total Words Extracted": 42851,
        "Total Paragraphs Identified": 279,
        "Total Semantic Chunks Generated": 178,
        "Total Useful Images Retained": 267,
        "Total Useless Images Filtered": 0,
        "Total Images Extracted": 263,
        "Total Images Classified": 263,
        "Total Image Captions Generated": 0,
        "Total Metadata Records Generated": 178,
        "Total Chunks Stored": 178,
        "Total Images Stored": 244,
        "Total Embeddings Generated": 422,
        "Total Documents Stored": 15,
        "Total Successful Uploads": 15,
        "Total TXT Files": 5,
        "Total PPTX Files": 1,
        "Total DOCX Files": 2,
        "Total PDF Files": 5
    },
    "timers": {
        "Chunking Time": [
            1.5498668999935035,
            1.2605481000009604,
            3.0109664000010525,
            5.400059200001124,
            1.9358950999994704,
            0.4654250999992655,
            0.12102910000248812,
            0.1439868999987084,
            0.07213499999852502,
            0.1348918000003323,
            0.08990750000157277,
            0.17919560000154888,
            0.2016844999998284,
            0.10269410000182688,
            0.06991990000096848,
            0.09993350000149803,
            0.0681747999988147,
            0.09267729999919538,
            5.0223871000052895,
            1.5189466000010725,
            1.057478100003209,
            2.301020499995502,
            1.1606509999983246,
            0.7733223000032012,
            0.635246100006043,
            0.6740178999971249,
            0.6338916999957291,
            0.05042849999881582,
            0.13532059999852208,
            0.29421159999765223,
            0.2020210999980918,
            0.12674549999792362,
            0.15367759999935515,
            0.15228219999698922,
            0.046174000002793036,
            0.14335690000007162,
            0.10586499999772059,
            0.29712470000231406,
            0.2913795999993454,
            0.5631197999973665,
            0.29621380000025965,
            0.46640730000217445,
            0.4206062000012025,
            0.8027997000026517,
            0.3416118000022834,
            0.2216404999999213,
            0.17882300000201212,
            0.12049770000157878,
            11.981422299999394,
            2.388141200004611,
            0.45534139999654144,
            0.27948229998582974,
            0.3404127999965567,
            0.4192713999946136,
            0.29629519997979514,
            0.10648640000727028,
            0.4809968000045046,
            0.7526059999945574,
            1.1303604999848176,
            0.8796351999917533,
            0.7765005999826826,
            0.5842583999910858,
            0.2730535000155214,
            0.60474469998735,
            0.5635467999964021,
            2.783328299992718,
            1.378731400007382,
            1.6968608000024687,
            0.6884312000183854,
            1.7189089999883436,
            0.14580019999993965,
            1.810985799995251,
            1.7767194000189193,
            0.9541116000036709,
            0.4521408999862615,
            0.09556409998913296,
            2.129553400038276,
            0.31612070003757253,
            0.2075318000279367,
            0.23269690002780408,
            0.2886426000040956,
            0.1877799999783747,
            0.06215060001704842,
            0.19955379999009892,
            0.2827805999550037,
            0.6293264999985695,
            0.8773610999924131,
            0.848193000012543,
            0.5239572999998927,
            0.3106578000006266,
            0.608335500000976,
            0.467508900037501,
            1.5899586000014096,
            0.36815029999706894,
            0.3789005000144243,
            0.14715520001482219,
            0.24376939999638125,
            0.18501729995477945,
            0.49408600002061576,
            0.6391696000355296,
            0.423576699977275,
            0.333502099965699,
            0.14771639998070896,
            2.1323526999913156,
            0.707349999982398,
            1.2168582000304013,
            1.4719049999839626,
            1.0100487999734469,
            1.1120100000407547,
            0.9390609999536537,
            0.8910055999876931,
            0.8942530999775045,
            6.023974699957762,
            1.5740311999688856,
            2.1187102000112645,
            1.9446745000313967,
            1.4087368000182323,
            1.491864199982956,
            1.4751920000417158,
            2.2398204000201076,
            1.4831543000182137,
            1.0253154000383802,
            0.9783327000332065,
            1.2093095000018366,
            0.6098975000204518,
            5.147710699995514,
            1.4352023999672383,
            1.186716400028672,
            0.9466068000183441,
            1.1207575000007637,
            0.9717738999752328,
            0.9738248999929056,
            1.3705374999553896,
            1.2749133000033908,
            1.0873208999983035,
            1.2469999000313692,
            0.9078794000088237,
            1.0974577000015415,
            0.49400870001409203,
            1.1266127999988385,
            0.8068950999877416,
            0.19404760003089905,
            0.15636949997860938,
            0.22923169995192438,
            0.1620049000484869,
            0.15536819997942075,
            0.1596008000196889,
            0.12552050000522286,
            0.1594907999970019,
            0.13578990002861246,
            0.142470000020694,
            0.16012690000934526,
            0.27141039998969063,
            0.8770970000186935,
            0.9504695999785326,
            0.7036159000126645,
            0.6420036000199616,
            0.6358364000334404,
            0.5681398999877274,
            0.552425800007768,
            0.7183411000296474,
            0.38219390000449494,
            0.6216506999917328,
            0.6921594999730587,
            0.6500804999959655,
            0.46443320001708344,
            0.5934151000110433,
            0.8744858999853022,
            0.6295082999859005,
            0.5736060999915935,
            0.6815229000058025,
            0.6905629999819212,
            0.4243156000156887,
            1.0492307000095025,
            0.15837289998307824,
            0.040977400029078126,
            0.10603189998073503
        ],
        "Text Extraction Time": [
            1.5527900999877602,
            1.2630014999995183,
            3.013209500000812,
            5.403288699999393,
            1.9396434000009322,
            1.8579508000002534,
            5.024088500002108,
            1.5224679000020842,
            1.0587587999980315,
            11.608027099995525,
            11.986114100000123,
            23.9184047000017,
            13.232596599962562,
            54.63570869999239,
            17.223994400002994
        ],